,domain,slotname,slotname_acc,domain_acc,cluster
0,train,train arriveBy,0.7077596996245307,0.7648221343873518,1
1,train,train day,0.8568190404231205,0.7648221343873518,0
2,train,train departure,0.6784615384615384,0.7648221343873518,1
3,train,train destination,0.8923933209647495,0.7648221343873518,0
4,train,train leaveAt,0.582089552238806,0.7648221343873518,1
5,train,train people,0.9225413402959095,0.7648221343873518,1
6,train,train reference,0.7833182230281052,0.7648221343873518,1
7,train,train trainID,0.5466908431550317,0.7648221343873518,1
