,domain,slotname,slotname_acc,domain_acc,cluster
0,train,train arriveBy,0.6520650813516896,0.717673630717109,0
1,train,train day,0.8639969777106158,0.717673630717109,0
2,train,train departure,0.6461538461538462,0.717673630717109,0
3,train,train destination,0.750278293135436,0.717673630717109,0
4,train,train leaveAt,0.5208169677926159,0.717673630717109,1
5,train,train people,0.9216710182767625,0.717673630717109,1
6,train,train reference,0.7171350861287398,0.717673630717109,1
7,train,train trainID,0.5657298277425205,0.717673630717109,1
