,domain,slotname,slotname_acc,domain_acc,cluster
0,train,train arriveBy,0.7315394242803505,0.8086533032185206,0
1,train,train day,0.876463921420476,0.8086533032185206,0
2,train,train departure,0.8726923076923077,0.8086533032185206,0
3,train,train destination,0.8805194805194805,0.8086533032185206,0
4,train,train leaveAt,0.6252945797329144,0.8086533032185206,0
5,train,train people,0.9103568320278503,0.8086533032185206,0
6,train,train reference,0.8703535811423391,0.8086533032185206,0
7,train,train trainID,0.47506799637352676,0.8086533032185206,0
