,domain,slotname,slotname_acc,domain_acc,cluster
0,restaurant,restaurant area,0.5041282175813502,0.6984126984126984,2
1,restaurant,restaurant day,0.85790273556231,0.6984126984126984,3
2,restaurant,restaurant food,0.700862895493768,0.6984126984126984,2
3,restaurant,restaurant name,0.3927253558249868,0.6984126984126984,1
4,restaurant,restaurant people,0.8824850299401198,0.6984126984126984,0
5,restaurant,restaurant pricerange,0.8606307222787386,0.6984126984126984,2
6,restaurant,restaurant reference,0.7138075313807531,0.6984126984126984,3
7,restaurant,restaurant time,0.836890243902439,0.6984126984126984,2
