,domain,slotname,slotname_acc,domain_acc,cluster
0,restaurant,restaurant area,0.8936376881981545,0.822434875066454,1
1,restaurant,restaurant day,0.8731003039513677,0.822434875066454,0
2,restaurant,restaurant food,0.7526366251198466,0.822434875066454,1
3,restaurant,restaurant name,0.6694781233526621,0.822434875066454,0
4,restaurant,restaurant people,0.8974550898203593,0.822434875066454,1
5,restaurant,restaurant pricerange,0.8657171922685656,0.822434875066454,1
6,restaurant,restaurant reference,0.8284518828451883,0.822434875066454,0
7,restaurant,restaurant time,0.8452743902439024,0.822434875066454,1
