,domain,slotname,slotname_acc,domain_acc,cluster
0,restaurant,restaurant area,0.879553181155901,0.7919040024303182,1
1,restaurant,restaurant day,0.8533434650455927,0.7919040024303182,0
2,restaurant,restaurant food,0.7497603068072867,0.7919040024303182,1
3,restaurant,restaurant name,0.6425935687928308,0.7919040024303182,0
4,restaurant,restaurant people,0.8622754491017964,0.7919040024303182,2
5,restaurant,restaurant pricerange,0.8316378433367243,0.7919040024303182,1
6,restaurant,restaurant reference,0.6853556485355649,0.7919040024303182,2
7,restaurant,restaurant time,0.8414634146341463,0.7919040024303182,1
