,domain,slotname,slotname_acc,domain_acc,cluster
0,taxi,taxi arriveBy,0.8333333333333334,0.7001110699740837,1
1,taxi,taxi departure,0.5631399317406144,0.7001110699740837,1
2,taxi,taxi destination,0.6490630323679727,0.7001110699740837,1
3,taxi,taxi leaveAt,0.8421052631578947,0.7001110699740837,1
4,taxi,taxi phone,0.9,0.7001110699740837,0
5,taxi,taxi type,0.5617021276595745,0.7001110699740837,0
