,domain,slotname,slotname_acc,domain_acc,cluster
0,taxi,taxi arriveBy,0.8130081300813008,0.7338022954461311,0
1,taxi,taxi departure,0.6228668941979523,0.7338022954461311,0
2,taxi,taxi destination,0.6524701873935264,0.7338022954461311,0
3,taxi,taxi leaveAt,0.7982456140350878,0.7338022954461311,0
4,taxi,taxi phone,0.9085106382978724,0.7338022954461311,0
5,taxi,taxi type,0.7106382978723405,0.7338022954461311,0
