,domain,slotname,slotname_acc,domain_acc,cluster
0,restaurant,restaurant area,0.8620689655172413,0.8056504898610162,0
1,restaurant,restaurant day,0.8860182370820668,0.8056504898610162,0
2,restaurant,restaurant food,0.761744966442953,0.8056504898610162,0
3,restaurant,restaurant name,0.6236162361623616,0.8056504898610162,0
4,restaurant,restaurant people,0.8937125748502994,0.8056504898610162,0
5,restaurant,restaurant pricerange,0.8199389623601221,0.8056504898610162,0
6,restaurant,restaurant reference,0.8242677824267782,0.8056504898610162,0
7,restaurant,restaurant time,0.8414634146341463,0.8056504898610162,0
