,domain,slotname,slotname_acc,domain_acc,cluster
0,train,train arriveBy,0.4881101376720901,0.5588650479954828,3
1,train,train day,0.8741972043823196,0.5588650479954828,2
2,train,train departure,0.5138461538461538,0.5588650479954828,0
3,train,train destination,0.6608534322820037,0.5588650479954828,2
4,train,train leaveAt,0.0816967792615868,0.5588650479954828,4
5,train,train people,0.5456919060052219,0.5588650479954828,4
6,train,train reference,0.8177697189483227,0.5588650479954828,0
7,train,train trainID,0.06708975521305531,0.5588650479954828,4
