,index,count,mean,std,min,25%,50%,75%,max
0,crosswoz,72.0,934.2083333333334,1157.4028957230792,28.0,87.75,284.5,1251.75,4200.0
1,risawoz,67.0,686.5671641791045,526.4886606704493,1.0,258.0,521.0,1008.0,1949.0
2,sgd,114.0,5251.026315789473,3795.9308195634926,293.0,2577.25,4219.0,7559.25,16270.0
3,multiwoz2.0,43.0,7443.093023255814,4822.909074772361,5.0,3685.0,8167.0,9955.0,16095.0
4,multiwoz2.1,43.0,7884.790697674419,5109.175213271846,5.0,3707.0,8722.0,11039.5,16945.0
5,multiwoz2.2,35.0,8646.914285714285,5130.619801862198,5.0,5208.0,9182.0,11808.0,16925.0
6,all,306.0,5469.349673202614,8977.098192218775,1.0,496.5,2099.0,6434.25,49965.0
